Validation_Set,Topics,Alpha,Beta,Coherence
100% Corpus,10,0.15,0.15,0.5306021986982212
100% Corpus,10,0.15,0.2,0.5357515349974761
100% Corpus,10,0.15,0.5,0.522820160712116
100% Corpus,10,0.15,0.7,0.4878313641847739
100% Corpus,10,0.15,0.9,0.4699402254824875
100% Corpus,10,0.15,1.5,0.47563953859989017
100% Corpus,10,0.15,auto,0.5330493222862461
100% Corpus,10,0.2,0.15,0.5130885553523702
100% Corpus,10,0.2,0.2,0.5006321883052588
100% Corpus,10,0.2,0.5,0.5044711927216723
100% Corpus,10,0.2,0.7,0.49284853764632075
100% Corpus,10,0.2,0.9,0.46344713144259925
100% Corpus,10,0.2,1.5,0.44635963145426566
100% Corpus,10,0.2,auto,0.5482554768073766
100% Corpus,10,0.5,0.15,0.5855359193181787
100% Corpus,10,0.5,0.2,0.5658582025538281
100% Corpus,10,0.5,0.5,0.5427387103090121
100% Corpus,10,0.5,0.7,0.5182762856844109
100% Corpus,10,0.5,0.9,0.5006060192665408
100% Corpus,10,0.5,1.5,0.4626221308210309
100% Corpus,10,0.5,auto,0.5784017943847319
100% Corpus,10,0.6,0.15,0.5687579487575302
100% Corpus,10,0.6,0.2,0.5698760641372831
100% Corpus,10,0.6,0.5,0.5627223614466452
100% Corpus,10,0.6,0.7,0.5395272638872448
100% Corpus,10,0.6,0.9,0.49870645725612633
100% Corpus,10,0.6,1.5,0.4920117828174906
100% Corpus,10,0.6,auto,0.5451413738169357
100% Corpus,10,0.7,0.15,0.5727949521496936
100% Corpus,10,0.7,0.2,0.5762856486817983
100% Corpus,10,0.7,0.5,0.555847454661491
100% Corpus,10,0.7,0.7,0.5488031346587953
100% Corpus,10,0.7,0.9,0.5219999919332262
100% Corpus,10,0.7,1.5,0.5855867253469672
100% Corpus,10,0.7,auto,0.5746890561044533
100% Corpus,10,0.9,0.15,0.5760691318200852
100% Corpus,10,0.9,0.2,0.5963145688500346
100% Corpus,10,0.9,0.5,0.5690086203597229
100% Corpus,10,0.9,0.7,0.565956952339479
100% Corpus,10,0.9,0.9,0.5510942828408322
100% Corpus,10,0.9,1.5,0.5902194804966482
100% Corpus,10,0.9,auto,0.5835849562411375
100% Corpus,10,1.5,0.15,0.6032334020333978
100% Corpus,10,1.5,0.2,0.6064540455063516
100% Corpus,10,1.5,0.5,0.6031035668574141
100% Corpus,10,1.5,0.7,0.5939302379880635
100% Corpus,10,1.5,0.9,0.5503431007171382
100% Corpus,10,1.5,1.5,0.5340229231918764
100% Corpus,10,1.5,auto,0.5810983720651965
100% Corpus,10,1.75,0.15,0.5907757409369723
100% Corpus,10,1.75,0.2,0.6074380234852417
100% Corpus,10,1.75,0.5,0.5984146332106136
100% Corpus,10,1.75,0.7,0.5918133917444212
100% Corpus,10,1.75,0.9,0.5863807924773534
100% Corpus,10,1.75,1.5,0.5127814556308173
100% Corpus,10,1.75,auto,0.5891775465211386
100% Corpus,10,auto,0.15,0.5353665858723466
100% Corpus,10,auto,0.2,0.5387207182480028
100% Corpus,10,auto,0.5,0.5067413956692692
100% Corpus,10,auto,0.7,0.5043452044028564
100% Corpus,10,auto,0.9,0.4518899443371341
100% Corpus,10,auto,1.5,0.4075593500622941
100% Corpus,10,auto,auto,0.5181633894150055
100% Corpus,12,0.15,0.15,0.4748029153182038
100% Corpus,12,0.15,0.2,0.4865889897627113
100% Corpus,12,0.15,0.5,0.5286728701475651
100% Corpus,12,0.15,0.7,0.46513512963756515
100% Corpus,12,0.15,0.9,0.49332250720387
100% Corpus,12,0.15,1.5,0.4828736374160419
100% Corpus,12,0.15,auto,0.459624587822441
100% Corpus,12,0.2,0.15,0.5101219980203959
100% Corpus,12,0.2,0.2,0.5069157633035964
100% Corpus,12,0.2,0.5,0.5180988053842538
100% Corpus,12,0.2,0.7,0.45383120662518794
100% Corpus,12,0.2,0.9,0.47778238313788707
100% Corpus,12,0.2,1.5,0.5101620336507039
100% Corpus,12,0.2,auto,0.507519890843188
100% Corpus,12,0.5,0.15,0.5646100349794856
100% Corpus,12,0.5,0.2,0.5257283296002053
100% Corpus,12,0.5,0.5,0.5187201911425234
100% Corpus,12,0.5,0.7,0.5009500472186952
100% Corpus,12,0.5,0.9,0.5210453740910752
100% Corpus,12,0.5,1.5,0.48370973326788663
100% Corpus,12,0.5,auto,0.538317979566714
100% Corpus,12,0.6,0.15,0.525328710299739
100% Corpus,12,0.6,0.2,0.5274927512925813
100% Corpus,12,0.6,0.5,0.5135774745500689
100% Corpus,12,0.6,0.7,0.5218316368838952
100% Corpus,12,0.6,0.9,0.5305623095067028
100% Corpus,12,0.6,1.5,0.50014584319887
100% Corpus,12,0.6,auto,0.5426845543432145
100% Corpus,12,0.7,0.15,0.5463983499749324
100% Corpus,12,0.7,0.2,0.56578555130006
100% Corpus,12,0.7,0.5,0.5511519280474004
100% Corpus,12,0.7,0.7,0.49974004888654017
100% Corpus,12,0.7,0.9,0.5155372397636558
100% Corpus,12,0.7,1.5,0.5694723416490349
100% Corpus,12,0.7,auto,0.5498845198850282
100% Corpus,12,0.9,0.15,0.5758891666319658
100% Corpus,12,0.9,0.2,0.5812479998516156
100% Corpus,12,0.9,0.5,0.5510301280901925
100% Corpus,12,0.9,0.7,0.5649969361124474
100% Corpus,12,0.9,0.9,0.5384138247899034
100% Corpus,12,0.9,1.5,0.6035233117197746
100% Corpus,12,0.9,auto,0.5882358321717769
100% Corpus,12,1.5,0.15,0.5978888818789149
100% Corpus,12,1.5,0.2,0.6094894645261372
100% Corpus,12,1.5,0.5,0.5694652770236983
100% Corpus,12,1.5,0.7,0.5108496780204471
100% Corpus,12,1.5,0.9,0.5371637164864301
100% Corpus,12,1.5,1.5,0.5115405650035807
100% Corpus,12,1.5,auto,0.5909453559525476
100% Corpus,12,1.75,0.15,0.5964931994620822
100% Corpus,12,1.75,0.2,0.5933101618607953
100% Corpus,12,1.75,0.5,0.5758491667973191
100% Corpus,12,1.75,0.7,0.5514887693194755
100% Corpus,12,1.75,0.9,0.5191338042184624
100% Corpus,12,1.75,1.5,0.5013085360024684
100% Corpus,12,1.75,auto,0.5881789273112953
100% Corpus,12,auto,0.15,0.5170576637982578
100% Corpus,12,auto,0.2,0.5145734943572299
100% Corpus,12,auto,0.5,0.4816766472439122
100% Corpus,12,auto,0.7,0.4802863497964198
100% Corpus,12,auto,0.9,0.48927517447925156
100% Corpus,12,auto,1.5,0.43119008317565205
100% Corpus,12,auto,auto,0.4397830950110005
100% Corpus,14,0.15,0.15,0.4767234669219831
100% Corpus,14,0.15,0.2,0.4946950284008613
100% Corpus,14,0.15,0.5,0.49773041673387936
100% Corpus,14,0.15,0.7,0.4882195166998941
100% Corpus,14,0.15,0.9,0.4796447141573242
100% Corpus,14,0.15,1.5,0.49694934142268504
100% Corpus,14,0.15,auto,0.48837422212389076
100% Corpus,14,0.2,0.15,0.4903499993558735
100% Corpus,14,0.2,0.2,0.4911400514073496
100% Corpus,14,0.2,0.5,0.5257561859516441
100% Corpus,14,0.2,0.7,0.4519072754283216
100% Corpus,14,0.2,0.9,0.47331914327733954
100% Corpus,14,0.2,1.5,0.5100334264456713
100% Corpus,14,0.2,auto,0.5039576228793188
100% Corpus,14,0.5,0.15,0.5267356664830724
100% Corpus,14,0.5,0.2,0.5213992725103037
100% Corpus,14,0.5,0.5,0.5164652846882458
100% Corpus,14,0.5,0.7,0.46164686197153754
100% Corpus,14,0.5,0.9,0.5117656804252116
100% Corpus,14,0.5,1.5,0.4978868242245178
100% Corpus,14,0.5,auto,0.5219634813470979
100% Corpus,14,0.6,0.15,0.5569928633884411
100% Corpus,14,0.6,0.2,0.5568027104250223
100% Corpus,14,0.6,0.5,0.523639623696952
100% Corpus,14,0.6,0.7,0.5088152652633366
100% Corpus,14,0.6,0.9,0.5017950674111751
100% Corpus,14,0.6,1.5,0.6077180670923352
100% Corpus,14,0.6,auto,0.5488703285825766
100% Corpus,14,0.7,0.15,0.5447358425375203
100% Corpus,14,0.7,0.2,0.558784333068092
100% Corpus,14,0.7,0.5,0.5121959520024786
100% Corpus,14,0.7,0.7,0.5253277033414893
100% Corpus,14,0.7,0.9,0.4930217124551866
100% Corpus,14,0.7,1.5,0.6387247801536086
100% Corpus,14,0.7,auto,0.569414863333731
100% Corpus,14,0.9,0.15,0.5696577092832577
100% Corpus,14,0.9,0.2,0.5754882646054981
100% Corpus,14,0.9,0.5,0.5608080591585545
100% Corpus,14,0.9,0.7,0.5454797028884502
100% Corpus,14,0.9,0.9,0.5386426983744824
100% Corpus,14,0.9,1.5,0.6021749663119081
100% Corpus,14,0.9,auto,0.5926482586186147
100% Corpus,14,1.5,0.15,0.5830401188846944
100% Corpus,14,1.5,0.2,0.5863972710600078
100% Corpus,14,1.5,0.5,0.546047011432469
100% Corpus,14,1.5,0.7,0.4834809588789718
100% Corpus,14,1.5,0.9,0.5267806140367035
100% Corpus,14,1.5,1.5,0.48422032875683474
100% Corpus,14,1.5,auto,0.5697458697112855
100% Corpus,14,1.75,0.15,0.5721568176219672
100% Corpus,14,1.75,0.2,0.5806118776800877
100% Corpus,14,1.75,0.5,0.5515906381871337
100% Corpus,14,1.75,0.7,0.5175368544537963
100% Corpus,14,1.75,0.9,0.4937441759711073
100% Corpus,14,1.75,1.5,0.4252267288594905
100% Corpus,14,1.75,auto,0.5590229582631208
100% Corpus,14,auto,0.15,0.4565380789854855
100% Corpus,14,auto,0.2,0.45861162233896724
100% Corpus,14,auto,0.5,0.4696364105544927
100% Corpus,14,auto,0.7,0.4449042634214791
100% Corpus,14,auto,0.9,0.46975848366835166
100% Corpus,14,auto,1.5,
100% Corpus,14,auto,auto,0.41779150490618827
100% Corpus,16,0.15,0.15,0.47473857719820556
100% Corpus,16,0.15,0.2,0.4676303917942006
100% Corpus,16,0.15,0.5,0.49718096836810893
100% Corpus,16,0.15,0.7,0.478846291693172
100% Corpus,16,0.15,0.9,0.5270049860080102
100% Corpus,16,0.15,1.5,0.5315469814421577
100% Corpus,16,0.15,auto,0.4672432290158329
100% Corpus,16,0.2,0.15,0.471557536339314
100% Corpus,16,0.2,0.2,0.4719048883879564
100% Corpus,16,0.2,0.5,0.4818368876390388
100% Corpus,16,0.2,0.7,0.4975718638299171
100% Corpus,16,0.2,0.9,0.4872006281965977
100% Corpus,16,0.2,1.5,0.5348403688103622
100% Corpus,16,0.2,auto,0.45927159045723753
100% Corpus,16,0.5,0.15,0.5174618824333626
100% Corpus,16,0.5,0.2,0.4971105820006744
100% Corpus,16,0.5,0.5,0.49732535207681894
100% Corpus,16,0.5,0.7,0.5209298926511239
100% Corpus,16,0.5,0.9,0.5241162941704285
100% Corpus,16,0.5,1.5,0.5354234142386658
100% Corpus,16,0.5,auto,0.5079731060775519
100% Corpus,16,0.6,0.15,0.5381706456945416
100% Corpus,16,0.6,0.2,0.5297161341161429
100% Corpus,16,0.6,0.5,0.5056326002348321
100% Corpus,16,0.6,0.7,0.46727666065705786
100% Corpus,16,0.6,0.9,0.5209110776869479
100% Corpus,16,0.6,1.5,0.6144044935325856
100% Corpus,16,0.6,auto,0.5311287158143614
100% Corpus,16,0.7,0.15,0.5415024703500934
100% Corpus,16,0.7,0.2,0.5311357860722936
100% Corpus,16,0.7,0.5,0.5348332991409666
100% Corpus,16,0.7,0.7,0.5210111877262321
100% Corpus,16,0.7,0.9,0.5412345000383716
100% Corpus,16,0.7,1.5,0.6067343259689679
100% Corpus,16,0.7,auto,0.5400499450398917
100% Corpus,16,0.9,0.15,0.5587730615461739
100% Corpus,16,0.9,0.2,0.5398606628778151
100% Corpus,16,0.9,0.5,0.5323127714847606
100% Corpus,16,0.9,0.7,0.5056787658404418
100% Corpus,16,0.9,0.9,0.5787525264960136
100% Corpus,16,0.9,1.5,0.5430932452320374
100% Corpus,16,0.9,auto,0.5460137885948737
100% Corpus,16,1.5,0.15,0.5805735264826685
100% Corpus,16,1.5,0.2,0.5587692068328787
100% Corpus,16,1.5,0.5,0.5237379922546108
100% Corpus,16,1.5,0.7,0.4970242371114854
100% Corpus,16,1.5,0.9,0.5369616146390794
100% Corpus,16,1.5,1.5,0.5194994410049804
100% Corpus,16,1.5,auto,0.5560523925481579
100% Corpus,16,1.75,0.15,0.5597259967206901
100% Corpus,16,1.75,0.2,0.5587877136954251
100% Corpus,16,1.75,0.5,0.5304556735648693
100% Corpus,16,1.75,0.7,0.48267591594377945
100% Corpus,16,1.75,0.9,0.5054123461168275
100% Corpus,16,1.75,1.5,0.469059570532517
100% Corpus,16,1.75,auto,0.5546237086172305
100% Corpus,16,auto,0.15,0.47574971774308805
100% Corpus,16,auto,0.2,0.460951376963473
100% Corpus,16,auto,0.5,0.48724698369541664
100% Corpus,16,auto,0.7,0.5035558719926017
100% Corpus,16,auto,0.9,0.4570482359133323
100% Corpus,16,auto,1.5,
100% Corpus,16,auto,auto,0.44372095094118363
100% Corpus,18,0.15,0.15,0.4448583801267737
100% Corpus,18,0.15,0.2,0.4474848974633134
100% Corpus,18,0.15,0.5,0.49288387208181156
100% Corpus,18,0.15,0.7,0.46874706984559317
100% Corpus,18,0.15,0.9,0.5162896258652907
100% Corpus,18,0.15,1.5,0.49933421523230365
100% Corpus,18,0.15,auto,0.4674559538627917
100% Corpus,18,0.2,0.15,0.43382947925921583
100% Corpus,18,0.2,0.2,0.42886088815393847
100% Corpus,18,0.2,0.5,0.48816226991421874
100% Corpus,18,0.2,0.7,0.4760850910427551
100% Corpus,18,0.2,0.9,0.5118642518044845
100% Corpus,18,0.2,1.5,0.5324711094947071
100% Corpus,18,0.2,auto,0.45829879324859846
100% Corpus,18,0.5,0.15,0.49936000658933355
100% Corpus,18,0.5,0.2,0.4909108346465654
100% Corpus,18,0.5,0.5,0.4967438323131059
100% Corpus,18,0.5,0.7,0.5026814546563398
100% Corpus,18,0.5,0.9,0.5218964451763911
100% Corpus,18,0.5,1.5,0.5727098050970783
100% Corpus,18,0.5,auto,0.4940656164358406
100% Corpus,18,0.6,0.15,0.5098094044723859
100% Corpus,18,0.6,0.2,0.5186046419645395
100% Corpus,18,0.6,0.5,0.5097044601935301
100% Corpus,18,0.6,0.7,0.45745233098269034
100% Corpus,18,0.6,0.9,0.5472786120070589
100% Corpus,18,0.6,1.5,0.6383981773977647
100% Corpus,18,0.6,auto,0.4885914806067576
100% Corpus,18,0.7,0.15,0.5309916548237251
100% Corpus,18,0.7,0.2,0.5074166885194156
100% Corpus,18,0.7,0.5,0.5279203018928741
100% Corpus,18,0.7,0.7,0.5306975502958782
100% Corpus,18,0.7,0.9,0.6111348722088513
100% Corpus,18,0.7,1.5,0.6566277301473811
100% Corpus,18,0.7,auto,0.5185349652188134
100% Corpus,18,0.9,0.15,0.5302601661326674
100% Corpus,18,0.9,0.2,0.5201095821135326
100% Corpus,18,0.9,0.5,0.5483306649849209
100% Corpus,18,0.9,0.7,0.5761648920717524
100% Corpus,18,0.9,0.9,0.6132041090877031
100% Corpus,18,0.9,1.5,0.5516325548825411
100% Corpus,18,0.9,auto,0.5143112192940335
100% Corpus,18,1.5,0.15,0.5463437287582277
100% Corpus,18,1.5,0.2,0.540823252308254
100% Corpus,18,1.5,0.5,0.4816836094725692
100% Corpus,18,1.5,0.7,0.5005432376764121
100% Corpus,18,1.5,0.9,0.5277908356225622
100% Corpus,18,1.5,1.5,0.36495264295759444
100% Corpus,18,1.5,auto,0.5443678933774898
100% Corpus,18,1.75,0.15,0.5419536772071105
100% Corpus,18,1.75,0.2,0.5416978420015065
100% Corpus,18,1.75,0.5,0.5028150235751303
100% Corpus,18,1.75,0.7,0.47988156364053214
100% Corpus,18,1.75,0.9,0.44847060278861384
100% Corpus,18,1.75,1.5,0.38454482152396463
100% Corpus,18,1.75,auto,0.5196333645511806
100% Corpus,18,auto,0.15,0.43468487802639816
100% Corpus,18,auto,0.2,0.4529654014706378
100% Corpus,18,auto,0.5,0.5007023241101871
100% Corpus,18,auto,0.7,0.47912288378964846
100% Corpus,18,auto,0.9,0.48476525487475874
100% Corpus,18,auto,1.5,
100% Corpus,18,auto,auto,0.4010216883623158
100% Corpus,20,0.15,0.15,0.4452370409064068
100% Corpus,20,0.15,0.2,0.4572823961774099
100% Corpus,20,0.15,0.5,0.47394481885790735
100% Corpus,20,0.15,0.7,0.5129752885201072
100% Corpus,20,0.15,0.9,0.5555073945735228
100% Corpus,20,0.15,1.5,0.5454329330568799
100% Corpus,20,0.15,auto,0.43238680495405857
100% Corpus,20,0.2,0.15,0.46763949977185765
100% Corpus,20,0.2,0.2,0.4665904032539482
100% Corpus,20,0.2,0.5,0.4801350187522021
100% Corpus,20,0.2,0.7,0.5099123747232083
100% Corpus,20,0.2,0.9,0.5653192786970107
100% Corpus,20,0.2,1.5,0.5692962952488835
100% Corpus,20,0.2,auto,0.433876506983519
100% Corpus,20,0.5,0.15,0.4711337743561675
100% Corpus,20,0.5,0.2,0.4764340812496495
100% Corpus,20,0.5,0.5,0.5027282518164834
100% Corpus,20,0.5,0.7,0.43251014372858815
100% Corpus,20,0.5,0.9,0.5311083233573202
100% Corpus,20,0.5,1.5,0.5457901812963961
100% Corpus,20,0.5,auto,0.46545922208475704
100% Corpus,20,0.6,0.15,0.4929464178848796
100% Corpus,20,0.6,0.2,0.4899983316133857
100% Corpus,20,0.6,0.5,0.5154969525855903
100% Corpus,20,0.6,0.7,0.5027543954034704
100% Corpus,20,0.6,0.9,0.5561388356313277
100% Corpus,20,0.6,1.5,0.6623742281388074
100% Corpus,20,0.6,auto,0.49362864359499703
100% Corpus,20,0.7,0.15,0.5269286083864116
100% Corpus,20,0.7,0.2,0.5213018031948962
100% Corpus,20,0.7,0.5,0.5072909501273734
100% Corpus,20,0.7,0.7,0.5014510635755703
100% Corpus,20,0.7,0.9,0.618639539369401
100% Corpus,20,0.7,1.5,0.5718481606988381
100% Corpus,20,0.7,auto,0.501365030766951
100% Corpus,20,0.9,0.15,0.5034957225949941
100% Corpus,20,0.9,0.2,0.5088282742710402
100% Corpus,20,0.9,0.5,0.5750099024702906
100% Corpus,20,0.9,0.7,0.6062358114678069
100% Corpus,20,0.9,0.9,0.6461183654588929
100% Corpus,20,0.9,1.5,0.48739353087961296
100% Corpus,20,0.9,auto,0.5013633501343155
100% Corpus,20,1.5,0.15,0.5202109260042501
100% Corpus,20,1.5,0.2,0.5092410746218519
100% Corpus,20,1.5,0.5,0.48834773582135965
100% Corpus,20,1.5,0.7,0.511446939533592
100% Corpus,20,1.5,0.9,0.4692090695700676
100% Corpus,20,1.5,1.5,0.35944964407824753
100% Corpus,20,1.5,auto,0.5115428156898949
100% Corpus,20,1.75,0.15,0.5194501503957026
100% Corpus,20,1.75,0.2,0.5156594948209364
100% Corpus,20,1.75,0.5,0.4944334009249472
100% Corpus,20,1.75,0.7,0.47309588016914816
100% Corpus,20,1.75,0.9,0.4196789982995338
100% Corpus,20,1.75,1.5,0.34121243219593744
100% Corpus,20,1.75,auto,0.4999363872153798
100% Corpus,20,auto,0.15,0.48762659823115617
100% Corpus,20,auto,0.2,0.4837362517316263
100% Corpus,20,auto,0.5,0.48994789827317586
100% Corpus,20,auto,0.7,0.5065271333636076
100% Corpus,20,auto,0.9,0.5027592136654879
100% Corpus,20,auto,1.5,
100% Corpus,20,auto,auto,0.4536047961452908
100% Corpus,22,0.15,0.15,0.4639040263814753
100% Corpus,22,0.15,0.2,0.47982496280018233
100% Corpus,22,0.15,0.5,0.4649549249402822
100% Corpus,22,0.15,0.7,0.5199854260836392
100% Corpus,22,0.15,0.9,0.5619313963523322
100% Corpus,22,0.15,1.5,0.5137457306692431
100% Corpus,22,0.15,auto,0.47070841712752176
100% Corpus,22,0.2,0.15,0.4601639842599988
100% Corpus,22,0.2,0.2,0.47409373463472293
100% Corpus,22,0.2,0.5,0.5069990695312155
100% Corpus,22,0.2,0.7,0.47918119474677723
100% Corpus,22,0.2,0.9,0.5770798525535903
100% Corpus,22,0.2,1.5,0.5520143215843523
100% Corpus,22,0.2,auto,0.459202624943226
100% Corpus,22,0.5,0.15,0.4790497187758376
100% Corpus,22,0.5,0.2,0.46924373271289493
100% Corpus,22,0.5,0.5,0.5143167258036471
100% Corpus,22,0.5,0.7,0.48867697837016255
100% Corpus,22,0.5,0.9,0.5397610905490066
100% Corpus,22,0.5,1.5,0.503194430244352
100% Corpus,22,0.5,auto,0.47146936614067075
100% Corpus,22,0.6,0.15,0.4966934789678303
100% Corpus,22,0.6,0.2,0.493863177072094
100% Corpus,22,0.6,0.5,0.49512940760711843
100% Corpus,22,0.6,0.7,0.49174409943006475
100% Corpus,22,0.6,0.9,0.5660877677717845
100% Corpus,22,0.6,1.5,0.6703317552577861
100% Corpus,22,0.6,auto,0.4580100061539128
100% Corpus,22,0.7,0.15,0.509247250992896
100% Corpus,22,0.7,0.2,0.503852060620191
100% Corpus,22,0.7,0.5,0.5322774520657947
100% Corpus,22,0.7,0.7,0.6071828656184212
100% Corpus,22,0.7,0.9,0.6019419172922535
100% Corpus,22,0.7,1.5,0.5573579688098854
100% Corpus,22,0.7,auto,0.4826399189438389
100% Corpus,22,0.9,0.15,0.4857961946183606
100% Corpus,22,0.9,0.2,0.49695551704689916
100% Corpus,22,0.9,0.5,0.5834535155311219
100% Corpus,22,0.9,0.7,0.6273225565130288
100% Corpus,22,0.9,0.9,0.6310602659843045
100% Corpus,22,0.9,1.5,0.5184903769264545
100% Corpus,22,0.9,auto,0.46816455579335076
100% Corpus,22,1.5,0.15,0.5018957298621998
100% Corpus,22,1.5,0.2,0.5011725237203728
100% Corpus,22,1.5,0.5,0.4693402950920369
100% Corpus,22,1.5,0.7,0.5113424912996222
100% Corpus,22,1.5,0.9,0.44866486451700544
100% Corpus,22,1.5,1.5,0.34660131657061305
100% Corpus,22,1.5,auto,0.484458908506174
100% Corpus,22,1.75,0.15,0.5027598127652628
100% Corpus,22,1.75,0.2,0.4970979399914281
100% Corpus,22,1.75,0.5,0.48115366823198075
100% Corpus,22,1.75,0.7,0.4653738857289147
100% Corpus,22,1.75,0.9,0.42294189111622216
100% Corpus,22,1.75,1.5,0.47476378636533273
100% Corpus,22,1.75,auto,0.4791143482068007
100% Corpus,22,auto,0.15,0.4814272708968579
100% Corpus,22,auto,0.2,0.4788805465057745
100% Corpus,22,auto,0.5,0.46688330518741117
100% Corpus,22,auto,0.7,0.4912098383303036
100% Corpus,22,auto,0.9,0.4782365232324914
100% Corpus,22,auto,1.5,
100% Corpus,22,auto,auto,0.42966586557244546
100% Corpus,24,0.15,0.15,0.4293215527629239
100% Corpus,24,0.15,0.2,0.4319364410981927
100% Corpus,24,0.15,0.5,
100% Corpus,24,0.15,0.7,0.511341854019156
100% Corpus,24,0.15,0.9,0.577808053765104
100% Corpus,24,0.15,1.5,0.5555477023674896
100% Corpus,24,0.15,auto,0.4295223697254473
100% Corpus,24,0.2,0.15,0.42366168499357476
100% Corpus,24,0.2,0.2,0.4389971787246156
100% Corpus,24,0.2,0.5,0.4501322527238533
100% Corpus,24,0.2,0.7,0.5267197647523145
100% Corpus,24,0.2,0.9,0.5644688261337659
100% Corpus,24,0.2,1.5,0.5514875104962175
100% Corpus,24,0.2,auto,0.4570492444114767
100% Corpus,24,0.5,0.15,0.4903149108458833
100% Corpus,24,0.5,0.2,0.48991044872874884
100% Corpus,24,0.5,0.5,0.47757456142507637
100% Corpus,24,0.5,0.7,0.5041486629436912
100% Corpus,24,0.5,0.9,0.5444496492285628
100% Corpus,24,0.5,1.5,0.6538321248311599
100% Corpus,24,0.5,auto,0.44514976754793856
100% Corpus,24,0.6,0.15,0.49983055782363134
100% Corpus,24,0.6,0.2,0.483885883687492
100% Corpus,24,0.6,0.5,0.4479790586554788
100% Corpus,24,0.6,0.7,0.5587523492095924
100% Corpus,24,0.6,0.9,0.6186852280651227
100% Corpus,24,0.6,1.5,0.608345572558565
100% Corpus,24,0.6,auto,0.4508186438488367
100% Corpus,24,0.7,0.15,0.5001822776376483
100% Corpus,24,0.7,0.2,0.5063231324089839
100% Corpus,24,0.7,0.5,0.5050574959523753
100% Corpus,24,0.7,0.7,0.6455469758296376
100% Corpus,24,0.7,0.9,0.6370799554946508
100% Corpus,24,0.7,1.5,0.5583933153540327
100% Corpus,24,0.7,auto,0.47440037720926664
100% Corpus,24,0.9,0.15,0.4909647309592682
100% Corpus,24,0.9,0.2,0.4806459020623101
100% Corpus,24,0.9,0.5,0.6030572860952939
100% Corpus,24,0.9,0.7,0.6402852207149697
100% Corpus,24,0.9,0.9,0.6362483257942263
100% Corpus,24,0.9,1.5,0.580350494774856
100% Corpus,24,0.9,auto,0.44679860174747993
100% Corpus,24,1.5,0.15,0.4890136348244414
100% Corpus,24,1.5,0.2,0.4933485495117524
100% Corpus,24,1.5,0.5,0.4634976689321082
100% Corpus,24,1.5,0.7,0.4862697380266782
100% Corpus,24,1.5,0.9,0.4399272953849733
100% Corpus,24,1.5,1.5,0.43647639520602444
100% Corpus,24,1.5,auto,0.46098539711972625
100% Corpus,24,1.75,0.15,0.4752703224942192
100% Corpus,24,1.75,0.2,0.48460692715487036
100% Corpus,24,1.75,0.5,0.46134262983421936
100% Corpus,24,1.75,0.7,0.4423334733979844
100% Corpus,24,1.75,0.9,0.4418724051864313
100% Corpus,24,1.75,1.5,0.41195466568155964
100% Corpus,24,1.75,auto,0.45031225793250323
100% Corpus,24,auto,0.15,0.47394576200589406
100% Corpus,24,auto,0.2,0.47572833444694806
100% Corpus,24,auto,0.5,0.48595702217103914
100% Corpus,24,auto,0.7,0.48883664356994827
100% Corpus,24,auto,0.9,0.4900073971116638
100% Corpus,24,auto,1.5,0.5018864746452171
100% Corpus,24,auto,auto,0.41635462796355577
100% Corpus,26,0.15,0.15,0.4340750993204289
100% Corpus,26,0.15,0.2,0.4406404064344439
100% Corpus,26,0.15,0.5,0.4770226085137811
100% Corpus,26,0.15,0.7,0.5403865425628772
100% Corpus,26,0.15,0.9,0.5472969766821314
100% Corpus,26,0.15,1.5,0.555231873490859
100% Corpus,26,0.15,auto,0.4454284425368068
100% Corpus,26,0.2,0.15,0.43480242195633
100% Corpus,26,0.2,0.2,0.45262809401875786
100% Corpus,26,0.2,0.5,0.46048415903427264
100% Corpus,26,0.2,0.7,0.5573583511977991
100% Corpus,26,0.2,0.9,0.6023085630360687
100% Corpus,26,0.2,1.5,0.5647840624250728
100% Corpus,26,0.2,auto,0.42629697809411404
100% Corpus,26,0.5,0.15,0.487764281352039
100% Corpus,26,0.5,0.2,0.4811437008268534
100% Corpus,26,0.5,0.5,0.4816342991454129
100% Corpus,26,0.5,0.7,0.49745283091163167
100% Corpus,26,0.5,0.9,0.5833250953958387
100% Corpus,26,0.5,1.5,0.654015863165752
100% Corpus,26,0.5,auto,0.44438436979897467
100% Corpus,26,0.6,0.15,0.4911307911419391
100% Corpus,26,0.6,0.2,0.4892207437470462
100% Corpus,26,0.6,0.5,0.4664456930975142
100% Corpus,26,0.6,0.7,0.5628656877301625
100% Corpus,26,0.6,0.9,0.6345809136589795
100% Corpus,26,0.6,1.5,0.6019858279132211
100% Corpus,26,0.6,auto,0.44697083629194434
100% Corpus,26,0.7,0.15,0.5081211950195053
100% Corpus,26,0.7,0.2,0.5390365234234934
100% Corpus,26,0.7,0.5,0.5531880637042267
100% Corpus,26,0.7,0.7,0.6126384108348075
100% Corpus,26,0.7,0.9,0.6639605624819533
100% Corpus,26,0.7,1.5,0.5282846446153113
100% Corpus,26,0.7,auto,0.4643791525683368
100% Corpus,26,0.9,0.15,0.46217419632764817
100% Corpus,26,0.9,0.2,0.46842140701329144
100% Corpus,26,0.9,0.5,0.6188929843780611
100% Corpus,26,0.9,0.7,0.635627370324761
100% Corpus,26,0.9,0.9,0.5908425945355434
100% Corpus,26,0.9,1.5,0.46838786196582216
100% Corpus,26,0.9,auto,0.4384617651465093
100% Corpus,26,1.5,0.15,0.47022883158811885
100% Corpus,26,1.5,0.2,0.47024413230861223
100% Corpus,26,1.5,0.5,0.4596132730111639
100% Corpus,26,1.5,0.7,0.4693760768374847
100% Corpus,26,1.5,0.9,0.3996691755404748
100% Corpus,26,1.5,1.5,0.4231352262225412
100% Corpus,26,1.5,auto,0.43156239078524805
100% Corpus,26,1.75,0.15,0.47453060612985526
100% Corpus,26,1.75,0.2,0.482308946460025
100% Corpus,26,1.75,0.5,0.4548878814914651
100% Corpus,26,1.75,0.7,0.4425123556392193
100% Corpus,26,1.75,0.9,0.4074989329610911
100% Corpus,26,1.75,1.5,0.39325631530614136
100% Corpus,26,1.75,auto,0.428569863226292
100% Corpus,26,auto,0.15,0.4612893690434292
100% Corpus,26,auto,0.2,0.4527058559959608
100% Corpus,26,auto,0.5,0.47690063976004776
100% Corpus,26,auto,0.7,0.4831512928114013
100% Corpus,26,auto,0.9,
100% Corpus,26,auto,1.5,
100% Corpus,26,auto,auto,0.4099071561266536
100% Corpus,28,0.15,0.15,0.4551855436619146
100% Corpus,28,0.15,0.2,0.4603181372551493
100% Corpus,28,0.15,0.5,0.4634592613607527
100% Corpus,28,0.15,0.7,0.5676514825811788
100% Corpus,28,0.15,0.9,0.5896225777338856
100% Corpus,28,0.15,1.5,0.5922965520391836
100% Corpus,28,0.15,auto,0.4417977481455712
100% Corpus,28,0.2,0.15,0.45589598116853747
100% Corpus,28,0.2,0.2,0.4653639118982266
100% Corpus,28,0.2,0.5,0.46682467236786857
100% Corpus,28,0.2,0.7,0.5633331013706371
100% Corpus,28,0.2,0.9,0.6024810879010989
100% Corpus,28,0.2,1.5,0.5601691273346436
100% Corpus,28,0.2,auto,0.4499755404859522
100% Corpus,28,0.5,0.15,0.48935817037020374
100% Corpus,28,0.5,0.2,0.4769797362812517
100% Corpus,28,0.5,0.5,0.4600675571441721
100% Corpus,28,0.5,0.7,0.5285405460964662
100% Corpus,28,0.5,0.9,0.5857723722610568
100% Corpus,28,0.5,1.5,0.6662057554400055
100% Corpus,28,0.5,auto,0.4210117197578736
100% Corpus,28,0.6,0.15,0.5112101516627165
100% Corpus,28,0.6,0.2,0.4974325168817635
100% Corpus,28,0.6,0.5,0.5114100184373261
100% Corpus,28,0.6,0.7,0.6347050555053743
100% Corpus,28,0.6,0.9,0.6750859419510125
100% Corpus,28,0.6,1.5,0.6111007566195141
100% Corpus,28,0.6,auto,0.4343680841904231
100% Corpus,28,0.7,0.15,0.5287887156012329
100% Corpus,28,0.7,0.2,0.5278312623029657
100% Corpus,28,0.7,0.5,0.5546782489517195
100% Corpus,28,0.7,0.7,0.6406665682076463
100% Corpus,28,0.7,0.9,0.6415273825194214
100% Corpus,28,0.7,1.5,0.542531915109846
100% Corpus,28,0.7,auto,0.46381797606542957
100% Corpus,28,0.9,0.15,0.456767761351133
100% Corpus,28,0.9,0.2,0.4686269181280926
100% Corpus,28,0.9,0.5,0.6266690664169973
100% Corpus,28,0.9,0.7,0.6324728464699075
100% Corpus,28,0.9,0.9,0.5813939839965702
100% Corpus,28,0.9,1.5,0.46331880894158306
100% Corpus,28,0.9,auto,0.4366497012738491
100% Corpus,28,1.5,0.15,0.47271862549944865
100% Corpus,28,1.5,0.2,0.4569761858754876
100% Corpus,28,1.5,0.5,0.4579345940636207
100% Corpus,28,1.5,0.7,0.466363463932378
100% Corpus,28,1.5,0.9,0.3863129182924498
100% Corpus,28,1.5,1.5,0.31437822848906966
100% Corpus,28,1.5,auto,0.4233203094840093
100% Corpus,28,1.75,0.15,0.4704680648221694
100% Corpus,28,1.75,0.2,0.46396770574418955
100% Corpus,28,1.75,0.5,0.44879576410984534
100% Corpus,28,1.75,0.7,0.4442871483890735
100% Corpus,28,1.75,0.9,0.37234327579397275
100% Corpus,28,1.75,1.5,0.334198087473711
100% Corpus,28,1.75,auto,0.4161863577554915
100% Corpus,28,auto,0.15,0.4675172260051494
100% Corpus,28,auto,0.2,0.46250162962414615
100% Corpus,28,auto,0.5,0.46917635616638786
100% Corpus,28,auto,0.7,0.5107568254269673
100% Corpus,28,auto,0.9,0.5100794185819398
100% Corpus,28,auto,1.5,
100% Corpus,28,auto,auto,0.40583334514021274
100% Corpus,30,0.15,0.15,0.4680092698677013
100% Corpus,30,0.15,0.2,0.4665541435054755
100% Corpus,30,0.15,0.5,0.4921013629350741
100% Corpus,30,0.15,0.7,0.5744853389755242
100% Corpus,30,0.15,0.9,0.5527190278410787
100% Corpus,30,0.15,1.5,0.58440855745156
100% Corpus,30,0.15,auto,0.47068644033622176
100% Corpus,30,0.2,0.15,0.47152674624357466
100% Corpus,30,0.2,0.2,0.4668759107548894
100% Corpus,30,0.2,0.5,0.4869632088848073
100% Corpus,30,0.2,0.7,0.579010755120472
100% Corpus,30,0.2,0.9,0.5914960441273484
100% Corpus,30,0.2,1.5,0.58754485314793
100% Corpus,30,0.2,auto,0.4610473063410088
100% Corpus,30,0.5,0.15,0.45944058698909707
100% Corpus,30,0.5,0.2,0.47230464965042884
100% Corpus,30,0.5,0.5,0.47390031533942556
100% Corpus,30,0.5,0.7,0.5432374213284195
100% Corpus,30,0.5,0.9,0.6246205545866098
100% Corpus,30,0.5,1.5,0.6630676701753649
100% Corpus,30,0.5,auto,0.4403814927996182
100% Corpus,30,0.6,0.15,0.5061959040948012
100% Corpus,30,0.6,0.2,0.5069993526873213
100% Corpus,30,0.6,0.5,0.4994268960289136
100% Corpus,30,0.6,0.7,0.6378915808957765
100% Corpus,30,0.6,0.9,0.6769295065779217
100% Corpus,30,0.6,1.5,0.6483789134384312
100% Corpus,30,0.6,auto,0.46533621004942927
100% Corpus,30,0.7,0.15,0.5169917249228791
100% Corpus,30,0.7,0.2,0.5067270149737705
100% Corpus,30,0.7,0.5,0.5840038106779504
100% Corpus,30,0.7,0.7,0.6977160415205846
100% Corpus,30,0.7,0.9,0.6447012411824172
100% Corpus,30,0.7,1.5,0.36889258541662745
100% Corpus,30,0.7,auto,0.46417852961223577
100% Corpus,30,0.9,0.15,0.4602744221065425
100% Corpus,30,0.9,0.2,0.47523334057616623
100% Corpus,30,0.9,0.5,0.617796126670868
100% Corpus,30,0.9,0.7,0.6128255417297152
100% Corpus,30,0.9,0.9,0.5653619195570364
100% Corpus,30,0.9,1.5,0.46723890557656517
100% Corpus,30,0.9,auto,0.4519933529320012
100% Corpus,30,1.5,0.15,0.4600273445860801
100% Corpus,30,1.5,0.2,0.4594369463036605
100% Corpus,30,1.5,0.5,0.4582594397147304
100% Corpus,30,1.5,0.7,0.39503845941455185
100% Corpus,30,1.5,0.9,0.39457592661498503
100% Corpus,30,1.5,1.5,0.29633598947747797
100% Corpus,30,1.5,auto,0.4279743616627079
100% Corpus,30,1.75,0.15,0.45147907864009945
100% Corpus,30,1.75,0.2,0.4581854001631422
100% Corpus,30,1.75,0.5,0.4457670970778563
100% Corpus,30,1.75,0.7,0.4321282654486963
100% Corpus,30,1.75,0.9,0.42308123974838413
100% Corpus,30,1.75,1.5,0.28683940691105764
100% Corpus,30,1.75,auto,0.42218448293326016
100% Corpus,30,auto,0.15,0.4660548731771695
100% Corpus,30,auto,0.2,0.46755035764318037
100% Corpus,30,auto,0.5,0.48676015115570515
100% Corpus,30,auto,0.7,0.5026572315221197
100% Corpus,30,auto,0.9,0.5187660869551982
100% Corpus,30,auto,1.5,0.5324215810505546
100% Corpus,30,auto,auto,0.47019064956449674
100% Corpus,32,0.15,0.15,0.4502519217445374
100% Corpus,32,0.15,0.2,0.45016119296598456
100% Corpus,32,0.15,0.5,0.5160762943629119
100% Corpus,32,0.15,0.7,0.5915303857547307
100% Corpus,32,0.15,0.9,0.5695521188742658
100% Corpus,32,0.15,1.5,0.5910794130751464
100% Corpus,32,0.15,auto,0.4727696791840663
100% Corpus,32,0.2,0.15,0.4531070159922775
100% Corpus,32,0.2,0.2,0.4491027397817877
100% Corpus,32,0.2,0.5,0.486806850068663
100% Corpus,32,0.2,0.7,0.5642058313181431
100% Corpus,32,0.2,0.9,0.5802339794447007
100% Corpus,32,0.2,1.5,0.5914381562166598
100% Corpus,32,0.2,auto,0.4573958942815368
100% Corpus,32,0.5,0.15,0.46289590381939316
100% Corpus,32,0.5,0.2,0.43834453865254486
100% Corpus,32,0.5,0.5,0.47821165232924506
100% Corpus,32,0.5,0.7,0.5567465269103544
100% Corpus,32,0.5,0.9,0.6469703082245288
100% Corpus,32,0.5,1.5,0.677117796859212
100% Corpus,32,0.5,auto,0.4479016110547283
100% Corpus,32,0.6,0.15,0.5127903290241248
100% Corpus,32,0.6,0.2,0.5165513416593936
100% Corpus,32,0.6,0.5,0.5255678376591422
100% Corpus,32,0.6,0.7,0.6682994040769861
100% Corpus,32,0.6,0.9,0.6620099913982496
100% Corpus,32,0.6,1.5,0.6412427118372548
100% Corpus,32,0.6,auto,0.46287736657364853
100% Corpus,32,0.7,0.15,0.49982502823151687
100% Corpus,32,0.7,0.2,0.5044440073062794
100% Corpus,32,0.7,0.5,0.643008330308656
100% Corpus,32,0.7,0.7,0.6831044057047888
100% Corpus,32,0.7,0.9,0.656549953641993
100% Corpus,32,0.7,1.5,0.3676070365638726
100% Corpus,32,0.7,auto,0.48373229805173834
100% Corpus,32,0.9,0.15,0.46275214266252374
100% Corpus,32,0.9,0.2,0.48798688919527444
100% Corpus,32,0.9,0.5,0.6394103038905319
100% Corpus,32,0.9,0.7,0.6479368539995213
100% Corpus,32,0.9,0.9,0.5651377991096345
100% Corpus,32,0.9,1.5,0.5084654067207925
100% Corpus,32,0.9,auto,0.44490456800575673
100% Corpus,32,1.5,0.15,0.44858502480237744
100% Corpus,32,1.5,0.2,0.43279475028092396
100% Corpus,32,1.5,0.5,0.4412595962338204
100% Corpus,32,1.5,0.7,0.3594916732177279
100% Corpus,32,1.5,0.9,0.41599730512626854
100% Corpus,32,1.5,1.5,0.33466886104289884
100% Corpus,32,1.5,auto,0.42455796973390136
100% Corpus,32,1.75,0.15,0.44599448929583857
100% Corpus,32,1.75,0.2,0.4431225500406031
100% Corpus,32,1.75,0.5,0.4409220236553547
100% Corpus,32,1.75,0.7,0.41429365032778903
100% Corpus,32,1.75,0.9,0.46089654725392226
100% Corpus,32,1.75,1.5,0.28686737630774717
100% Corpus,32,1.75,auto,0.41931836041811776
100% Corpus,32,auto,0.15,0.48190459039033956
100% Corpus,32,auto,0.2,0.4761953639372655
100% Corpus,32,auto,0.5,0.47188473563309324
100% Corpus,32,auto,0.7,0.4928580622852786
100% Corpus,32,auto,0.9,0.5223518802196347
100% Corpus,32,auto,1.5,0.5487092186127949
100% Corpus,32,auto,auto,0.48984537328141436
100% Corpus,34,0.15,0.15,0.452398848404283
100% Corpus,34,0.15,0.2,0.4726757972991313
100% Corpus,34,0.15,0.5,0.4803425247680379
100% Corpus,34,0.15,0.7,0.5487520353466075
100% Corpus,34,0.15,0.9,0.5739545381815594
100% Corpus,34,0.15,1.5,0.6045578890213678
100% Corpus,34,0.15,auto,0.46889110191340444
100% Corpus,34,0.2,0.15,0.47872558515521746
100% Corpus,34,0.2,0.2,0.45326781567453667
100% Corpus,34,0.2,0.5,0.5172831761827501
100% Corpus,34,0.2,0.7,0.5793350609673775
100% Corpus,34,0.2,0.9,0.5638012912033812
100% Corpus,34,0.2,1.5,0.6021252372300704
100% Corpus,34,0.2,auto,0.46994052595485736
100% Corpus,34,0.5,0.15,0.466778075144093
100% Corpus,34,0.5,0.2,0.461570067767915
100% Corpus,34,0.5,0.5,0.4752006779394091
100% Corpus,34,0.5,0.7,0.6053624650134357
100% Corpus,34,0.5,0.9,0.6541370622979047
100% Corpus,34,0.5,1.5,0.648584166184702
100% Corpus,34,0.5,auto,0.4367364650783689
100% Corpus,34,0.6,0.15,0.522375010260408
100% Corpus,34,0.6,0.2,0.5215476244156748
100% Corpus,34,0.6,0.5,0.5887572988585829
100% Corpus,34,0.6,0.7,0.6640766650620062
100% Corpus,34,0.6,0.9,0.676903174570709
100% Corpus,34,0.6,1.5,0.6412459498994174
100% Corpus,34,0.6,auto,0.47201980864237086
100% Corpus,34,0.7,0.15,0.4925853084824644
100% Corpus,34,0.7,0.2,0.5303832066712192
100% Corpus,34,0.7,0.5,0.6494412749723801
100% Corpus,34,0.7,0.7,0.6781606996464523
100% Corpus,34,0.7,0.9,0.6255948756179117
100% Corpus,34,0.7,1.5,0.5297339784129003
100% Corpus,34,0.7,auto,0.4731281210181705
100% Corpus,34,0.9,0.15,0.4696217535955641
100% Corpus,34,0.9,0.2,0.49499082397523314
100% Corpus,34,0.9,0.5,0.6363692168782391
100% Corpus,34,0.9,0.7,0.6514325174519751
100% Corpus,34,0.9,0.9,0.5702131451902058
100% Corpus,34,0.9,1.5,0.4664741034467884
100% Corpus,34,0.9,auto,0.45657676050314344
100% Corpus,34,1.5,0.15,0.44441106200760333
100% Corpus,34,1.5,0.2,0.434521716377411
100% Corpus,34,1.5,0.5,0.4467662293671062
100% Corpus,34,1.5,0.7,0.3695450449200719
100% Corpus,34,1.5,0.9,0.3147565509040739
100% Corpus,34,1.5,1.5,0.29713624705965674
100% Corpus,34,1.5,auto,0.4386917025682625
100% Corpus,34,1.75,0.15,0.4290439241709989
100% Corpus,34,1.75,0.2,0.4466164547933348
100% Corpus,34,1.75,0.5,0.43634663123261114
100% Corpus,34,1.75,0.7,0.41982455182715134
100% Corpus,34,1.75,0.9,0.4638248061843432
100% Corpus,34,1.75,1.5,0.3176673376075163
100% Corpus,34,1.75,auto,0.41793877851574085
100% Corpus,34,auto,0.15,0.47938159116336554
100% Corpus,34,auto,0.2,0.4621777714763067
100% Corpus,34,auto,0.5,0.48073095574304253
100% Corpus,34,auto,0.7,0.5046442847034809
100% Corpus,34,auto,0.9,0.5079115664813145
100% Corpus,34,auto,1.5,
100% Corpus,34,auto,auto,0.4735760312899591
100% Corpus,36,0.15,0.15,0.4634135150615526
100% Corpus,36,0.15,0.2,0.46478042005826814
100% Corpus,36,0.15,0.5,0.4735668145780009
100% Corpus,36,0.15,0.7,0.5459499284167145
100% Corpus,36,0.15,0.9,0.6123872180834357
100% Corpus,36,0.15,1.5,0.6190718652980137
100% Corpus,36,0.15,auto,0.4717145572462474
100% Corpus,36,0.2,0.15,0.457772414622325
100% Corpus,36,0.2,0.2,0.4725547839834639
100% Corpus,36,0.2,0.5,0.5310186351784305
100% Corpus,36,0.2,0.7,0.5424936274810083
100% Corpus,36,0.2,0.9,0.6180245756978938
100% Corpus,36,0.2,1.5,0.6088556154344623
100% Corpus,36,0.2,auto,0.46813661848592997
100% Corpus,36,0.5,0.15,0.48600529580620894
100% Corpus,36,0.5,0.2,0.47430172371916574
100% Corpus,36,0.5,0.5,0.4994359258999601
100% Corpus,36,0.5,0.7,0.5818284711214832
100% Corpus,36,0.5,0.9,0.6934087876890894
100% Corpus,36,0.5,1.5,0.6560698659257145
100% Corpus,36,0.5,auto,0.46108650351974284
100% Corpus,36,0.6,0.15,0.5199632136323284
100% Corpus,36,0.6,0.2,0.505696086124097
100% Corpus,36,0.6,0.5,0.6520337645856612
100% Corpus,36,0.6,0.7,0.680066307164335
100% Corpus,36,0.6,0.9,0.665771170412359
100% Corpus,36,0.6,1.5,0.5572308322473022
100% Corpus,36,0.6,auto,0.48609558460469604
100% Corpus,36,0.7,0.15,0.48763515958467035
100% Corpus,36,0.7,0.2,0.5156473807411567
100% Corpus,36,0.7,0.5,0.652091539387623
100% Corpus,36,0.7,0.7,0.6834863077421409
100% Corpus,36,0.7,0.9,0.625485576648076
100% Corpus,36,0.7,1.5,0.5499422873825721
100% Corpus,36,0.7,auto,0.4679046801738774
100% Corpus,36,0.9,0.15,0.46684437715976784
100% Corpus,36,0.9,0.2,0.4813180794773152
100% Corpus,36,0.9,0.5,0.6644703138484152
100% Corpus,36,0.9,0.7,0.5724029958004585
100% Corpus,36,0.9,0.9,0.5635012698972486
100% Corpus,36,0.9,1.5,0.466091778834808
100% Corpus,36,0.9,auto,0.45965613108309405
100% Corpus,36,1.5,0.15,0.43885935355057837
100% Corpus,36,1.5,0.2,0.44876991693476076
100% Corpus,36,1.5,0.5,0.46784913168956127
100% Corpus,36,1.5,0.7,0.3880243103496864
100% Corpus,36,1.5,0.9,0.33729403683340353
100% Corpus,36,1.5,1.5,0.28076646166904035
100% Corpus,36,1.5,auto,0.44220930251558305
100% Corpus,36,1.75,0.15,0.441233345717068
100% Corpus,36,1.75,0.2,0.4452638666727796
100% Corpus,36,1.75,0.5,0.42762905356648706
100% Corpus,36,1.75,0.7,0.44431889926577023
100% Corpus,36,1.75,0.9,0.3904205799404977
100% Corpus,36,1.75,1.5,0.31699911486343724
100% Corpus,36,1.75,auto,0.41945417228574644
100% Corpus,36,auto,0.15,0.4599201963334745
100% Corpus,36,auto,0.2,0.453774837069699
100% Corpus,36,auto,0.5,0.4746228347748599
100% Corpus,36,auto,0.7,0.5132785975234999
100% Corpus,36,auto,0.9,0.5391947577676305
100% Corpus,36,auto,1.5,
100% Corpus,36,auto,auto,0.4845319178077593
100% Corpus,38,0.15,0.15,0.45752822717165004
100% Corpus,38,0.15,0.2,0.47896438035632444
100% Corpus,38,0.15,0.5,0.5481009104207505
100% Corpus,38,0.15,0.7,0.5873980347137545
100% Corpus,38,0.15,0.9,0.5653517143513536
100% Corpus,38,0.15,1.5,0.5984147969996351
100% Corpus,38,0.15,auto,0.444549812331732
100% Corpus,38,0.2,0.15,0.45923710908822213
100% Corpus,38,0.2,0.2,0.46855337038126604
100% Corpus,38,0.2,0.5,0.5302192377831839
100% Corpus,38,0.2,0.7,0.5707189865885691
100% Corpus,38,0.2,0.9,0.5712111823855827
100% Corpus,38,0.2,1.5,0.6162399416975887
100% Corpus,38,0.2,auto,0.4574205949986287
100% Corpus,38,0.5,0.15,0.483345627771414
100% Corpus,38,0.5,0.2,0.4775166188478613
100% Corpus,38,0.5,0.5,0.5524124483503561
100% Corpus,38,0.5,0.7,0.6393900852856391
100% Corpus,38,0.5,0.9,0.6750743788858338
100% Corpus,38,0.5,1.5,0.66972334329678
100% Corpus,38,0.5,auto,0.46524954287701764
100% Corpus,38,0.6,0.15,0.5175357842401537
100% Corpus,38,0.6,0.2,0.5365257392275583
100% Corpus,38,0.6,0.5,0.6629724930776527
100% Corpus,38,0.6,0.7,0.7046332657750297
100% Corpus,38,0.6,0.9,0.6810831715036422
100% Corpus,38,0.6,1.5,0.4737408485357339
100% Corpus,38,0.6,auto,0.48362634450809755
100% Corpus,38,0.7,0.15,0.4943458901113129
100% Corpus,38,0.7,0.2,0.5133918058844129
100% Corpus,38,0.7,0.5,0.6526084535210144
100% Corpus,38,0.7,0.7,0.6838818898195725
100% Corpus,38,0.7,0.9,0.6760679106403485
100% Corpus,38,0.7,1.5,0.4807157847998342
100% Corpus,38,0.7,auto,0.4840354939667315
100% Corpus,38,0.9,0.15,0.4680170262138659
100% Corpus,38,0.9,0.2,0.48678888271510784
100% Corpus,38,0.9,0.5,0.6602242047393773
100% Corpus,38,0.9,0.7,0.6246031111230218
100% Corpus,38,0.9,0.9,0.5672701267185841
100% Corpus,38,0.9,1.5,0.4657496989188255
100% Corpus,38,0.9,auto,0.46486242109437426
100% Corpus,38,1.5,0.15,0.4336076809169283
100% Corpus,38,1.5,0.2,0.4478654429849975
100% Corpus,38,1.5,0.5,0.44929705653409446
100% Corpus,38,1.5,0.7,0.40200276058760687
100% Corpus,38,1.5,0.9,0.43706287203437827
100% Corpus,38,1.5,1.5,0.2842186741196752
100% Corpus,38,1.5,auto,0.45121108585820563
100% Corpus,38,1.75,0.15,0.4370325536362604
100% Corpus,38,1.75,0.2,0.44674670028166613
100% Corpus,38,1.75,0.5,0.43501915325600055
100% Corpus,38,1.75,0.7,0.4822218667458486
100% Corpus,38,1.75,0.9,0.3803595729573354
100% Corpus,38,1.75,1.5,0.25809627651288564
100% Corpus,38,1.75,auto,0.4374337143864045
100% Corpus,38,auto,0.15,0.4823546236574046
100% Corpus,38,auto,0.2,0.4750175811944824
100% Corpus,38,auto,0.5,0.502373873515597
100% Corpus,38,auto,0.7,0.51656879745243
100% Corpus,38,auto,0.9,0.5138416998057366
100% Corpus,38,auto,1.5,
100% Corpus,38,auto,auto,0.4711125962490583
100% Corpus,40,0.15,0.15,0.465559271633175
100% Corpus,40,0.15,0.2,0.4689162300029225
100% Corpus,40,0.15,0.5,0.488543860560386
100% Corpus,40,0.15,0.7,0.5944528029748646
100% Corpus,40,0.15,0.9,0.6236384582232842
100% Corpus,40,0.15,1.5,0.5711645096957666
100% Corpus,40,0.15,auto,0.4593982582006088
100% Corpus,40,0.2,0.15,0.45563246687509046
100% Corpus,40,0.2,0.2,0.4684245639651004
100% Corpus,40,0.2,0.5,0.48352457931911924
100% Corpus,40,0.2,0.7,0.5678631494090209
100% Corpus,40,0.2,0.9,0.5864927887031828
100% Corpus,40,0.2,1.5,0.5375067605757444
100% Corpus,40,0.2,auto,0.4502582382807897
100% Corpus,40,0.5,0.15,0.4791917155167602
100% Corpus,40,0.5,0.2,0.4665810071882919
100% Corpus,40,0.5,0.5,0.5702470676907044
100% Corpus,40,0.5,0.7,0.6456588713753906
100% Corpus,40,0.5,0.9,0.6775939964632205
100% Corpus,40,0.5,1.5,0.6335981706932282
100% Corpus,40,0.5,auto,0.4733138095562194
100% Corpus,40,0.6,0.15,0.5201059828123009
100% Corpus,40,0.6,0.2,0.5519014210979412
100% Corpus,40,0.6,0.5,0.6796913539853227
100% Corpus,40,0.6,0.7,0.7308171435691946
100% Corpus,40,0.6,0.9,0.6271495241742193
100% Corpus,40,0.6,1.5,0.6302607850068106
100% Corpus,40,0.6,auto,0.4955917184147721
100% Corpus,40,0.7,0.15,0.49321232121417624
100% Corpus,40,0.7,0.2,0.5193034018769647
100% Corpus,40,0.7,0.5,0.672111572040522
100% Corpus,40,0.7,0.7,0.665028484150256
100% Corpus,40,0.7,0.9,0.6337430359783955
100% Corpus,40,0.7,1.5,0.4736750356574582
100% Corpus,40,0.7,auto,0.4857541243175449
100% Corpus,40,0.9,0.15,0.4711056350071674
100% Corpus,40,0.9,0.2,0.48803419717888624
100% Corpus,40,0.9,0.5,0.6477234740169487
100% Corpus,40,0.9,0.7,0.605887826293957
100% Corpus,40,0.9,0.9,0.47681218296997596
100% Corpus,40,0.9,1.5,0.43913228923732345
100% Corpus,40,0.9,auto,0.4832878250215019
100% Corpus,40,1.5,0.15,0.42325700398575233
100% Corpus,40,1.5,0.2,0.43676660308608717
100% Corpus,40,1.5,0.5,0.4454524825382614
100% Corpus,40,1.5,0.7,0.4088711278530247
100% Corpus,40,1.5,0.9,0.42884149840590646
100% Corpus,40,1.5,1.5,0.3051201569227441
100% Corpus,40,1.5,auto,0.4699073236645727
100% Corpus,40,1.75,0.15,0.4338056275354127
100% Corpus,40,1.75,0.2,0.4391951846037639
100% Corpus,40,1.75,0.5,0.4151460473690237
100% Corpus,40,1.75,0.7,0.4603144558017268
100% Corpus,40,1.75,0.9,0.39318288489293224
100% Corpus,40,1.75,1.5,0.2857265900303197
100% Corpus,40,1.75,auto,0.4415351413730358
100% Corpus,40,auto,0.15,0.47171115470965364
100% Corpus,40,auto,0.2,0.4465422513301771
100% Corpus,40,auto,0.5,0.4937665669572128
100% Corpus,40,auto,0.7,0.5051584698628722
100% Corpus,40,auto,0.9,0.5100044445752582
100% Corpus,40,auto,1.5,
100% Corpus,40,auto,auto,0.46143736936307195
